"","isolate.id","isolate.assembly","coamox.mic","tem1.isolate.scaled","tem1.isolate.copy.number.scaled","ampc.promoter.snv"
"1","OXEC-59",59,"4.2","FALSE",-0.403705779152652,"GGCTCCTAGGG"
"2","OXEC-53",53,"16.2","TRUE",0.632435819786695,"AGCTCCTAGGG"
"3","OXEC-21",21,"<=2.2","FALSE",-0.365598995303744,"GGCTCCTAGGG"
"4","OXEC-238",238,"16.2","FALSE",-0.505323869416406,"AGC-TCTAGGG"
"5","OXEC-528",528,"8.2","FALSE",-0.320233776435997,"AGCTTCTAGGG"
"6","OXEC-71",71,">32.2","FALSE",-0.0716323770407422,"GGCTCCTAGGG"
"7","OXEC-66",66,"8.2","FALSE",-0.398261952888522,"GGCTCCTAGGG"
"8","OXEC-37",37,"32.2","FALSE",-0.27123934005883,"GGCTCCTAGGT"
"9","OXEC-182",182,"8.2","FALSE",-0.387374300360263,"AGCTCCTAGGG"
"10","OXEC-183",183,"32.2","FALSE",-0.394632735379102,"GGCTCCTAGGG"
"11","OXEC-87",87,"8.2","FALSE",-0.414593431680911,"AGCTTCTAGGG"
"12","OXEC-317",317,">32.2","FALSE",-0.282126992587089,"GGCTCCTAGGG"
"13","OXEC-237",237,"4.2","FALSE",-0.576093610850091,"GGCTCCTAGGG"
"14","OXEC-6",6,"8.2","FALSE",-0.196840381115725,"GGCTCCTAGGG"
"15","OXEC-297",297,">32.2","TRUE",-0.253093252511731,"GGCTCCTAGGG"
"16","OXEC-320",320,"32.2","TRUE",-0.0643739420219026,"AGCTCCTAGGG"
"17","OXEC-164",164,"16.2","FALSE",-0.449070998020399,"AGCTCCTAGGG"
"18","OXEC-382",382,"8.2","FALSE",-0.43455412798272,"AGCTCCTAGGG"
"19","OXEC-299",299,"4.2","FALSE",-0.514396913189955,"GGCTCCTAGGG"
"20","OXEC-80",80,"8.2","FALSE",-0.576093610850091,"GGCTCCTAGGG"
"21","OXEC-3",3,"8.2","FALSE",-0.407334996662072,"GGCTCCTAGGG"
"22","OXEC-239",239,"32.2","TRUE",0.274957895108847,"GGCTCCTAGGG"
"23","OXEC-79",79,"8.2","FALSE",-0.465402476812788,"AGCTTCTAGGG"
"24","OXEC-2",2,"16.2","FALSE",-0.44181256300156,"AGCTCCTAGGG"
"25","OXEC-322",322,"8.2","FALSE",-0.27123934005883,"GATTCCTAGGG"
"26","OXEC-1",1,"8.2","FALSE",-0.43455412798272,"GGCTCCTAGGG"
"27","OXEC-75",75,"<=2.2","FALSE",-0.380115865341423,"GGCTCCTAGGG"
"28","OXEC-449",449,"32.2","FALSE",-0.43999795424685,"GGCTCCTAGGG"
"29","OXEC-194",194,"8.2","FALSE",-0.42729569296388,"GGCTCCTAGGG"
"30","OXEC-193",193,"8.2","FALSE",-0.44181256300156,"GATTCCTAGGG"
"31","OXEC-73",73,"32.2","FALSE",-0.360155169039615,"AGCTTCTAGGG"
"32","OXEC-324",324,"8.2","FALSE",-0.503509260661696,"GGCTCCTAGGG"
"33","OXEC-191",191,"8.2","FALSE",-0.494436216888146,"AGCTTCTAGGG"
"34","OXEC-385",385,">32.2","TRUE",0.184227457373352,"AGCTCCTAGGG"
"35","OXEC-240",240,"32.2","FALSE",1.15685774989785,"AGCTCCTAGGG"
"36","OXEC-192",192,">32.2","FALSE",-0.449070998020399,"AGCTCCTAGGG"
"37","OXEC-386",386,"8.2","FALSE",-0.352896734020775,"GGCTCCTAGGG"
"38","OXEC-189",189,"16.2","FALSE",-0.229503338700502,"GGCTCCTAGGG"
"39","OXEC-190",190,"16.2","FALSE",-0.421851866699751,"AGCTTCTAGGG"
"40","OXEC-188",188,"16.2","FALSE",-0.400076561643232,"AGCTCCTAGGG"
"41","OXEC-301",301,"16.2","TRUE",0.231407284995809,"AGCTCCTAGGG"
"42","OXEC-241",241,"8.2","FALSE",-0.225874121191083,"AGCTCCTAGGG"
"43","OXEC-387",387,"8.2","FALSE",-0.325677602700127,"GATTCCTAGGG"
"44","OXEC-64",64,"8.2","FALSE",-0.476290129341048,"AGCTTCTAGGG"
"45","OXEC-110",110,">32.2","TRUE",1.24903987463711,"GATTCCTAGGG"
"46","OXEC-389",389,"16.2","FALSE",-0.407334996662072,"GGCTCCTAGGG"
"47","OXEC-530",530,"16.2","TRUE",-0.0770762033048718,"AGCTTCTAGGG"
"48","OXEC-109",109,"16.2","TRUE",0.113457715939667,"GGCTCCTAGGG"
"49","OXEC-61",61,"4.2","FALSE",-0.347452907756645,"GGCTCCTAGGG"
"50","OXEC-388",388,"16.2","FALSE",-0.43999795424685,"GATTCCTAGGG"
"51","OXEC-162",162,"32.2","TRUE",0.0789801496001788,"AGCTCCTAGGG"
"52","OXEC-108",108,"4.2","FALSE",-0.367413604058454,"GGCTCCTAGGG"
"53","OXEC-328",328,"8.2","FALSE",-0.361969777794324,"GGCTCCTAGGG"
"54","OXEC-329",329,">32.2","TRUE",-0.0280817669277049,"GGCTCCTAGGG"
"55","OXEC-107",107,">32.2","FALSE",-0.42729569296388,"AGCTTCTAGGG"
"56","OXEC-56",56,"8.2","FALSE",-0.412778822926201,"GGCTCCTAGGG"
"57","OXEC-106",106,"32.2","FALSE",-0.371042821567874,"AGCTCCTAGGG"
"58","OXEC-119",119,"16.2","FALSE",-0.320233776435997,"AGCTCCTAGGG"
"59","OXEC-55",55,"16.2","FALSE",-0.576093610850091,"GGCTCCTAGGG"
"60","OXEC-242",242,"8.2","FALSE",-0.576093610850091,"GGCTCCTAGGG"
"61","OXEC-243",243,"8.2","FALSE",-0.476290129341048,"AGCTTCTAGGG"
"62","OXEC-244",244,"8.2","FALSE",-0.465402476812788,"AGCTTCTAGGG"
"63","OXEC-54",54,"16.2","FALSE",-0.421851866699751,"GGCTCCTAGGG"
"64","OXEC-245",245,"16.2","TRUE",0.0172834519400424,"AGCTCCTAGGG"
"65","OXEC-52",52,"4.2","FALSE",-0.576093610850091,"GGCTCCTAGGG"
"66","OXEC-330",330,"32.2","TRUE",-0.0643739420219026,"AGCTCCTAGGG"
"67","OXEC-246",246,"8.2","FALSE",-0.27305394881354,"GGCTCCTAGGG"
"68","OXEC-247",247,"8.2","FALSE",-0.231317947455212,"GGCTCCTAGGG"
"69","OXEC-248",248,"8.2","FALSE",-0.391003517869683,"GGCTCCTAGGG"
"70","OXEC-331",331,"32.2","TRUE",1.24903987463711,"GGCTCCTAGGG"
"71","OXEC-332",332,"8.2","FALSE",-0.576093610850091,"GGCTCCTAGGG"
"72","OXEC-250",250,"16.2","TRUE",1.24903987463711,"AGCTCCTAGGG"
"73","OXEC-49",49,"32.2","TRUE",0.106199280920827,"GGCTCCTAGGG"
"74","OXEC-531",531,"16.2","FALSE",-0.394632735379102,"AGCTCCTAGGG"
"75","OXEC-333",333,"8.2","FALSE",-0.391003517869683,"GATTCCTAGGG"
"76","OXEC-533",533,"8.2","FALSE",-0.454514824284529,"GATTCCTAGGG"
"77","OXEC-539",539,">32.2","TRUE",-0.158733597266817,"GGCTCCTAGGG"
"78","OXEC-252",252,">32.2","FALSE",-0.396447344133812,"GGC-CCTAGGG"
"79","OXEC-105",105,"8.2","FALSE",-0.354711342775485,"AGCTTCTAGGG"
"80","OXEC-253",253,"32.2","TRUE",-0.175065076059206,"GGCTCCTAGGG"
"81","OXEC-46",46,"8.2","FALSE",-0.403705779152652,"GGCTCCTAGGG"
"82","OXEC-336",336,"32.2","FALSE",-0.356525951530195,"AGCTCCTAGGG"
"83","OXEC-103",103,"4.2","FALSE",-0.334750646473676,"GGCTCCTAGGG"
"84","OXEC-393",393,"16.2","FALSE",-0.403705779152652,"GGCTCCTAGGG"
"85","OXEC-44",44,"8.2","FALSE",-0.452700215529819,"AGCTTCTAGGG"
"86","OXEC-42",42,">32.2","FALSE",1.24903987463711,"AGCTTCTAGGG"
"87","OXEC-41",41,"4.2","FALSE",-0.336565255228386,"GGCTCCTAGGG"
"88","OXEC-370",370,"16.2","FALSE",-0.371042821567874,"GATTCCTAGGG"
"89","OXEC-39",39,"8.2","FALSE",-0.461773259303368,"GATTCCTAGGG"
"90","OXEC-296",296,"8.2","FALSE",-0.26942473130412,"GGCTCCTAGGG"
"91","OXEC-371",371,"8.2","FALSE",-0.374672039077294,"GGCTCCTAGGG"
"92","OXEC-117",117,"32.2","FALSE",-0.369228212813164,"GGCTCCTAGGG"
"93","OXEC-480",480,"4.2","FALSE",-0.0988515083613905,"GGCTCCTAGGG"
"94","OXEC-339",339,"8.2","FALSE",-0.449070998020399,"GGCTCCTAGGG"
"95","OXEC-340",340,"8.2","FALSE",-0.576093610850091,"GGCTCCTAGGG"
"96","OXEC-255",255,"16.2","TRUE",-0.0788908120595816,"AGCTTCTAGGG"
"97","OXEC-396",396,"8.2","FALSE",-0.423666475454461,"AGCTCCTAGGG"
"98","OXEC-341",341,"8.2","FALSE",-0.472660911831628,"AGCTTCTAGGG"
"99","OXEC-492",492,"16.2","TRUE",0.427385030504478,"GATTCCTAGGG"
"100","OXEC-35",35,"8.2","FALSE",-0.443627171756269,"GGCTCCTAGGG"
"101","OXEC-34",34,">32.2","TRUE",1.24903987463711,"GGCTCCTAGGG"
"102","OXEC-342",342,"8.2","FALSE",-0.481733955605177,"GATTCCTAGGG"
"103","OXEC-178",178,"8.2","FALSE",-0.452700215529819,"AGCTTCTAGGG"
"104","OXEC-11",11,"32.2","TRUE",-0.0135648968900257,"AGCTCCTAGGG"
"105","OXEC-398",398,"8.2","FALSE",-0.176879684813916,"GGCTCCTAGGG"
"106","OXEC-344",344,"8.2","FALSE",-0.412778822926201,"GATTCCTAGGG"
"107","OXEC-345",345,"8.2","FALSE",-0.472660911831628,"AGCTTCTAGGG"
"108","OXEC-343",343,">32.2","FALSE",-0.305716906398318,"GGCTCTGTGAG"
"109","OXEC-474",474,"8.2","FALSE",-0.43636873673743,"AGCTTCTAGGG"
"110","OXEC-256",256,"16.2","FALSE",-0.576093610850091,"GGCTCCTAGGG"
"111","OXEC-257",257,"4.2","FALSE",-0.488992390624017,"GGCTCCTAGGG"
"112","OXEC-99",99,"8.2","FALSE",-0.361969777794324,"GGCTCCTAGGG"
"113","OXEC-177",177,">32.2","FALSE",-0.420037257945041,"AGCTCCTAGGG"
"114","OXEC-12",12,"8.2","FALSE",-0.450885606775109,"GATTCCTAGGG"
"115","OXEC-32",32,"32.2","FALSE",-0.385559691605553,"AGCTCCTAGGG"
"116","OXEC-347",347,"32.2","FALSE",-0.576093610850091,"GGCTCCTAGGG"
"117","OXEC-498",498,"8.2","FALSE",-0.576093610850091,"GGCTCCTAGGG"
"118","OXEC-399",399,"16.2","FALSE",-0.320233776435997,"GGCTCCTAGGG"
"119","OXEC-31",31,">32.2","FALSE",-0.394632735379102,"AGCTCCTAGGG"
"120","OXEC-29",29,"16.2","FALSE",-0.392818126624393,"AGCTTCTAGGG"
"121","OXEC-30",30,"4.2","FALSE",-0.380115865341423,"GGCTCCTAGGG"
"122","OXEC-28",28,">32.2","FALSE",-0.372857430322584,"AGCTTCTAGGG"
"123","OXEC-400",400,"16.2","FALSE",-0.396447344133812,"GGCTCCTAGGG"
"124","OXEC-475",475,"8.2","FALSE",-0.43818334549214,"GATTCCTAGGG"
"125","OXEC-478",478,"8.2","FALSE",-0.449070998020399,"AGCTTCTAGGG"
"126","OXEC-508",508,"32.2","FALSE",-0.365598995303744,"GGCTCCTAGGG"
"127","OXEC-401",401,"32.2","TRUE",1.19859375125618,"AGCTTCTAGGG"
"128","OXEC-176",176,"16.2","FALSE",-0.463587868058078,"GGCTCCTAGGG"
"129","OXEC-513",513,"8.2","FALSE",-0.421851866699751,"GGCTCCTAGGG"
"130","OXEC-481",481,"8.2","FALSE",-0.345638299001935,"AGCTTCTAGGG"
"131","OXEC-98",98,">32.2","FALSE",0.7068347787298,"GGCTCCTAGGG"
"132","OXEC-499",499,">32.2","FALSE",-0.567020567076542,"GGCTCCTAGGG"
"133","OXEC-402",402,">32.2","TRUE",-0.146031335983848,"GGCTCCTAGGG"
"134","OXEC-175",175,"8.2","FALSE",-0.184138119832755,"GGCTCCTAGGG"
"135","OXEC-403",403,"16.2","FALSE",-0.167806641040366,"AGCTCCTAGGG"
"136","OXEC-22",22,"4.2","FALSE",-0.459958650548659,"GATTCCTAGGG"
"137","OXEC-404",404,"8.2","FALSE",-0.162362814776237,"GGCTCTGTGAG"
"138","OXEC-23",23,"16.2","FALSE",-0.367413604058454,"AGCTTCTAGGG"
"139","OXEC-24",24,"8.2","FALSE",-0.576093610850091,"AGCTCCTAGGG"
"140","OXEC-259",259,"32.2","TRUE",0.438272683032737,"GGCTCCTAGGG"
"141","OXEC-174",174,"16.2","FALSE",-0.44181256300156,"GGCTCCTAGGG"
"142","OXEC-260",260,"8.2","FALSE",-0.576093610850091,"GGCTCCTAGGG"
"143","OXEC-493",493,"8.2","TRUE",-0.0553008982483531,"GGCTCCTAGGG"
"144","OXEC-97",97,"8.2","FALSE",-0.459958650548659,"GGCTCCTAGGG"
"145","OXEC-476",476,"16.2","FALSE",-0.262166296285281,"GGCTCCTAGGG"
"146","OXEC-310",310,"8.2","FALSE",-0.338379863983096,"GGCTCCTAGGG"
"147","OXEC-351",351,"16.2","FALSE",-0.227688729945793,"AGCTCCTAGGG"
"148","OXEC-483",483,"4.2","FALSE",-0.27123934005883,"GATTCCTAGGG"
"149","OXEC-170",170,">32.2","TRUE",1.24903987463711,"GATTCCTAGGG"
"150","OXEC-406",406,"8.2","FALSE",-0.423666475454461,"GATTCCTAGGG"
"151","OXEC-487",487,"8.2","FALSE",-0.576093610850091,"GGCTCCTAGGG"
"152","OXEC-262",262,"16.2","FALSE",-0.421851866699751,"GATTCCTAGGG"
"153","OXEC-95",95,"32.2","TRUE",0.231407284995809,"GGCTCCTAGGG"
"154","OXEC-353",353,"16.2","FALSE",-0.140587509719718,"AGCTCCTAGGG"
"155","OXEC-305",305,"8.2","FALSE",-0.43273951922801,"AGCTCCTAGGG"
"156","OXEC-167",167,"8.2","FALSE",-0.576093610850091,"AGCTCCTAGGG"
"157","OXEC-166",166,"8.2","FALSE",-0.420037257945041,"AGCTCCTAGGG"
"158","OXEC-500",500,">32.2","FALSE",-0.452700215529819,"GATTCCTAGGG"
"159","OXEC-263",263,">32.2","TRUE",0.977211483181574,"GGCTCCTAGGG"
"160","OXEC-93",93,">32.2","FALSE",-0.396447344133812,"GGCTCCTAGGG"
"161","OXEC-94",94,">32.2","TRUE",0.723166257522189,"GGCTCCTAGGG"
"162","OXEC-355",355,"16.2","FALSE",-0.398261952888522,"AGCTCCTAGGG"
"163","OXEC-92",92,">32.2","FALSE",-0.461773259303368,"GATTCCTAGGG"
"164","OXEC-19",19,"8.2","FALSE",-0.44181256300156,"GGCTCCTAGGG"
"165","OXEC-264",264,"8.2","FALSE",-0.485363173114597,"GATTCCTAGGG"
"166","OXEC-265",265,">32.2","TRUE",1.17681844619966,"AGCTCCTAGGG"
"167","OXEC-408",408,"32.2","FALSE",-0.385559691605553,"GGCTCCTAGGG"
"168","OXEC-10",10,"32.2","FALSE",-0.459958650548659,"GGCTCCTAGGG"
"169","OXEC-489",489,"16.2","FALSE",-0.213171859908114,"GGCTCCTAGGG"
"170","OXEC-307",307,"32.2","FALSE",-0.162362814776237,"AGCTTCTAGGG"
"171","OXEC-266",266,"16.2","FALSE",-0.576093610850091,"GGCTCTGTGAG"
"172","OXEC-546",546,">32.2","FALSE",-0.532543000737054,"GGCTCCTAGGG"
"173","OXEC-494",494,"8.2","FALSE",-0.576093610850091,"GGCTCCTAGGG"
"174","OXEC-16",16,"16.2","FALSE",-0.454514824284529,"AGCTCCTAGGG"
"175","OXEC-477",477,"32.2","FALSE",-0.251278643757021,"GGCTCCTAGGG"
"176","OXEC-510",510,"16.2","FALSE",-0.294829253870059,"AGCTTCTAGGG"
"177","OXEC-380",380,"32.2","FALSE",-0.361969777794324,"AGCTCCTAGGG"
"178","OXEC-268",268,"8.2","FALSE",-0.0353402019465443,"AGC-CCTAGGG"
"179","OXEC-540",540,"16.2","FALSE",-0.133329074700878,"AGCTTCTAGGG"
"180","OXEC-521",521,"4.2","FALSE",-0.421851866699751,"AGCTTCTAGGG"
"181","OXEC-411",411,"32.2","FALSE",-0.227688729945793,"GAT-CCTAGGG"
"182","OXEC-410",410,"16.2","FALSE",-0.316604558926577,"GATTCCTAGGG"
"183","OXEC-524",524,"8.2","FALSE",-0.492621608133437,"GATTCCTAGGG"
"184","OXEC-512",512,"16.2","FALSE",-0.372857430322584,"GGCTCCTAGGG"
"185","OXEC-197",197,"8.2","FALSE",-0.332936037718966,"GGCTCCTAGGG"
"186","OXEC-198",198,"8.2","FALSE",-0.459958650548659,"AGCTCCTAGGG"
"187","OXEC-534",534,"16.2","FALSE",-0.253093252511731,"AGCTCCTAGGG"
"188","OXEC-199",199,"8.2","FALSE",-0.193211163606305,"AGCTTCTAGGG"
"189","OXEC-511",511,"16.2","FALSE",-0.387374300360263,"GATTCCTAGGG"
"190","OXEC-158",158,">32.2","FALSE",-0.283941601341799,"GATTCCTAGGG"
"191","OXEC-541",541,"16.2","FALSE",-0.398261952888522,"AGCTCCTAGGG"
"192","OXEC-270",270,"8.2","FALSE",-0.44181256300156,"GATTCCTAGGG"
"193","OXEC-514",514,">32.2","FALSE",-0.449070998020399,"AGCTCCTAGGG"
"194","OXEC-8",8,"8.2","FALSE",-0.496250825642856,"GGCTCCTAGGG"
"195","OXEC-272",272,">32.2","FALSE",1.24903987463711,"GGCTCCTAGGG"
"196","OXEC-200",200,"8.2","TRUE",0.146120673524445,"GGCTCCTAGGG"
"197","OXEC-504",504,"8.2","FALSE",-0.287570818851219,"GGCTCCTAGGG"
"198","OXEC-412",412,">32.2","FALSE",-0.302087688888898,"GATTCCTAGGG"
"199","OXEC-157",157,">32.2","FALSE",-0.131514465946168,"AGCTCCTAGGG"
"200","OXEC-413",413,"16.2","FALSE",-0.342009081492516,"GGCTCCTAGGG"
"201","OXEC-201",201,"8.2","FALSE",-0.44181256300156,"GGCTCCTAGGG"
"202","OXEC-358",358,"<=2.2","FALSE",-0.240390991228762,"GGCTCCTAGGG"
"203","OXEC-156",156,"32.2","FALSE",-0.256722470021151,"GGCTCTGTGAG"
"204","OXEC-515",515,"8.2","FALSE",-0.354711342775485,"AGCTCCTAGGG"
"205","OXEC-535",535,"8.2","FALSE",-0.316604558926577,"AGCTTCTAGGG"
"206","OXEC-202",202,">32.2","TRUE",0.603402079711337,"GGCTCTGTGAG"
"207","OXEC-506",506,"16.2","FALSE",-0.405520387907362,"AGCTCCTAGGG"
"208","OXEC-517",517,"16.2","FALSE",-0.467217085567498,"GATTCCTAGGG"
"209","OXEC-507",507,"8.2","FALSE",-0.467217085567498,"GATTCCTAGGG"
"210","OXEC-203",203,"8.2","FALSE",-0.456329433039239,"AGCTCCTAGGG"
"211","OXEC-204",204,"8.2","FALSE",-0.479919346850467,"AGCTTCTAGGG"
"212","OXEC-205",205,"16.2","FALSE",-0.576093610850091,"GGCTCCTAGGG"
"213","OXEC-414",414,"8.2","FALSE",-0.421851866699751,"GGCTCCTAGGG"
"214","OXEC-415",415,"8.2","FALSE",-0.354711342775485,"GGCTCCTAGGG"
"215","OXEC-273",273,">32.2","FALSE",0.0154688431853325,"AGCTCCTAGGG"
"216","OXEC-416",416,"16.2","FALSE",-0.285756210096509,"GGCTCCTAGGG"
"217","OXEC-451",451,"32.2","FALSE",-0.342009081492516,"AGCTCCTAGGG"
"218","OXEC-311",311,"32.2","FALSE",-0.488992390624017,"GGCTCCTAGGG"
"219","OXEC-536",536,"8.2","FALSE",-0.576093610850091,"GGCTCCTAGGG"
"220","OXEC-542",542,"16.2","FALSE",-0.329306820209546,"AGCTTCTAGGG"
"221","OXEC-417",417,"8.2","FALSE",-0.576093610850091,"GGCTCCTAGGG"
"222","OXEC-274",274,"8.2","FALSE",-0.331121428964256,"AGCTCCTAGGG"
"223","OXEC-208",208,"8.2","FALSE",-0.476290129341048,"GGCTCCTAGGG"
"224","OXEC-275",275,"32.2","FALSE",-0.0988515083613905,"AGCTTCTAGGG"
"225","OXEC-276",276,"32.2","TRUE",1.24903987463711,"GATTCCTAGGG"
"226","OXEC-454",454,"8.2","FALSE",-0.211357251153404,"GGCTCCTAGGG"
"227","OXEC-277",277,"16.2","TRUE",0.117086933449086,"GATTCCTAGGG"
"228","OXEC-419",419,"32.2","TRUE",1.22218366506741,"GGCTCTGTGAG"
"229","OXEC-455",455,"4.2","FALSE",-0.576093610850091,"GGCTCCTAGGG"
"230","OXEC-420",420,">32.2","TRUE",0.995357570728673,"GGCTCCTAGGG"
"231","OXEC-211",211,"16.2","FALSE",-0.224059512436373,"AGCTCCTAGGG"
"232","OXEC-529",529,">32.2","FALSE",-0.450885606775109,"AGCTCCTAGGG"
"233","OXEC-422",422,"4.2","FALSE",-0.43273951922801,"GGCTCCTAGGG"
"234","OXEC-421",421,"4.2","FALSE",-0.389188909114973,"GGCTCCTAGGG"
"235","OXEC-456",456,"16.2","FALSE",-0.398261952888522,"AGCTCCTAGGG"
"236","OXEC-537",537,">32.2","TRUE",1.24903987463711,"GGCTCCTAGGG"
"237","OXEC-213",213,">32.2","FALSE",1.24903987463711,"GGCTCCTAGGG"
"238","OXEC-423",423,"<=2.2","FALSE",-0.576093610850091,"GGCTCCTAGGG"
"239","OXEC-151",151,"4.2","FALSE",-0.389188909114973,"GGCTCCTAGGG"
"240","OXEC-522",522,">32.2","TRUE",0.761273041371097,"GGCTCCTAGGG"
"241","OXEC-518",518,">32.2","TRUE",1.24903987463711,"GGCTCCTAGGG"
"242","OXEC-525",525,">32.2","FALSE",-0.463587868058078,"AGCTCCTAGGG"
"243","OXEC-457",457,">32.2","FALSE",-0.576093610850091,"GGCTCCTAGGG"
"244","OXEC-214",214,">32.2","TRUE",1.24903987463711,"GGCTCCTAGGG"
"245","OXEC-543",543,"8.2","FALSE",-0.392818126624393,"GGCTCCTAGGG"
"246","OXEC-149",149,"8.2","FALSE",0.0354295394871414,"GGCTCCTAGGG"
"247","OXEC-148",148,"8.2","FALSE",-0.421851866699751,"GGCTCCTAGGG"
"248","OXEC-313",313,"16.2","FALSE",-0.576093610850091,"GGCTCCTAGGG"
"249","OXEC-216",216,">32.2","TRUE",0.293103982655946,"GGCTCCTAGGG"
"250","OXEC-532",532,">32.2","FALSE",-0.410964214171491,"AGCTCCTAGGG"
"251","OXEC-145",145,"8.2","FALSE",-0.416408040435621,"GGCTCCTAGGG"
"252","OXEC-459",459,"8.2","FALSE",-0.472660911831628,"AGCTTCTAGGG"
"253","OXEC-363",363,">32.2","TRUE",1.24903987463711,"GGCTCCTAGGG"
"254","OXEC-460",460,">32.2","TRUE",1.24903987463711,"AGCTTCTAGGG"
"255","OXEC-144",144,"16.2","FALSE",-0.225874121191083,"GGCTCTGTGAG"
"256","OXEC-143",143,"8.2","FALSE",-0.449070998020399,"GATTCCTAGGG"
"257","OXEC-485",485,">32.2","FALSE",-0.576093610850091,"GGCTCCTAGGG"
"258","OXEC-279",279,"8.2","FALSE",-0.576093610850091,"GGCTCCTAGGG"
"259","OXEC-461",461,"8.2","FALSE",-0.548874479529443,"AGCTTCTAGGG"
"260","OXEC-217",217,"16.2","TRUE",0.574368339635979,"GGCTCCTAGGG"
"261","OXEC-462",462,"16.2","FALSE",-0.452700215529819,"AGCTCCTAGGG"
"262","OXEC-424",424,"16.2","FALSE",-0.205913424889274,"GGCTCCTAGGG"
"263","OXEC-280",280,"8.2","FALSE",-0.302087688888898,"AGCTCCTAGGG"
"264","OXEC-490",490,">32.2","FALSE",-0.576093610850091,"GGCTCCTAGAG"
"265","OXEC-463",463,"8.2","FALSE",-0.478104738095757,"AGCTTCTAGGG"
"266","OXEC-425",425,"16.2","FALSE",-0.343823690247226,"AGCTTCTAGGG"
"267","OXEC-142",142,"16.2","FALSE",-0.576093610850091,"GGCTCCTAGGG"
"268","OXEC-479",479,"8.2","FALSE",-0.43818334549214,"AGCTTCTAGGG"
"269","OXEC-281",281,">32.2","TRUE",0.429199639259188,"AGCTCCTAGGG"
"270","OXEC-464",464,"8.2","FALSE",-0.309346123907738,"GGCTCCTAGGG"
"271","OXEC-426",426,"8.2","FALSE",-0.27849777507767,"GGCTCCTAGGG"
"272","OXEC-282",282,"8.2","FALSE",-0.43999795424685,"AGCTCCTAGGG"
"273","OXEC-427",427,"16.2","FALSE",-0.392818126624393,"AGCTCCTAGGG"
"274","OXEC-283",283,"8.2","FALSE",-0.240390991228762,"AGCTTCTAGGG"
"275","OXEC-466",466,"16.2","FALSE",-0.342009081492516,"GGCTCCTAGGG"
"276","OXEC-220",220,"8.2","FALSE",-0.405520387907362,"GGCTCCTAGGG"
"277","OXEC-137",137,">32.2","TRUE",0.0553902357889502,"GATTCCTAGGG"
"278","OXEC-138",138,"16.2","FALSE",-0.27305394881354,"AGCTTCTAGGG"
"279","OXEC-139",139,"8.2","FALSE",-0.420037257945041,"AGCTCCTAGGG"
"280","OXEC-140",140,"8.2","FALSE",-0.43273951922801,"AGCTTCTAGGG"
"281","OXEC-120",120,">32.2","TRUE",0.621548167258436,"GGCTCCTAGGG"
"282","OXEC-468",468,">32.2","FALSE",1.24903987463711,"GGCTCCTAGGG"
"283","OXEC-495",495,">32.2","FALSE",-0.576093610850091,"GGCTCCTAGGG"
"284","OXEC-136",136,"8.2","FALSE",-0.291200036360639,"GGCTCTGTGAG"
"285","OXEC-469",469,"16.2","FALSE",-0.338379863983096,"AGCTCCTAGGG"
"286","OXEC-135",135,"16.2","FALSE",-0.576093610850091,"GGCTCCTAGGG"
"287","OXEC-482",482,"32.2","FALSE",-0.320233776435997,"GATTCCTAGGG"
"288","OXEC-470",470,"16.2","FALSE",-0.381930474096133,"AGCTCCTAGGG"
"289","OXEC-471",471,"32.2","FALSE",-0.43999795424685,"GATTCCTAGGG"
"290","OXEC-284",284,"8.2","FALSE",-0.389188909114973,"GGCTCCTAGGG"
"291","OXEC-285",285,">32.2","FALSE",-0.358340560284905,"GGCTCCTAGGG"
"292","OXEC-134",134,"16.2","FALSE",-0.349267516511355,"GGCTCCTAGGG"
"293","OXEC-488",488,"16.2","FALSE",-0.151475162247977,"AGCTCCTAGGG"
"294","OXEC-486",486,"16.2","FALSE",-0.160548206021527,"AGCTCCTAGGG"
"295","OXEC-286",286,"4.2","FALSE",-0.474475520586338,"GATTCCTAGGG"
"296","OXEC-287",287,"4.2","FALSE",-0.378301256586713,"GGCTCCTAGGG"
"297","OXEC-133",133,"8.2","FALSE",-0.576093610850091,"GGCTCCTAGGG"
"298","OXEC-288",288,"8.2","FALSE",-0.494436216888146,"GATTCCTAGGG"
"299","OXEC-116",116,">32.2","FALSE",-0.576093610850091,"GGCTCCTAGGG"
"300","OXEC-429",429,">32.2","FALSE",-0.576093610850091,"GATTCCTAGGG"
"301","OXEC-223",223,"16.2","FALSE",-0.254907861266441,"AGCTTCTAGGG"
"302","OXEC-448",448,"16.2","FALSE",-0.576093610850091,"GGCTCCTAGAG"
"303","OXEC-132",132,"8.2","FALSE",-0.496250825642856,"GATTCCTAGGG"
"304","OXEC-365",365,"32.2","FALSE",-0.459958650548659,"GATTCCTAGGG"
"305","OXEC-366",366,"16.2","FALSE",-0.403705779152652,"GGCTCCTAGGG"
"306","OXEC-314",314,">32.2","FALSE",-0.576093610850091,"AGCTTCTAGGG"
"307","OXEC-131",131,"4.2","FALSE",0.00639579941178311,"GGCTCCTAGGG"
"308","OXEC-292",292,"16.2","FALSE",-0.195025772361015,"GGCTCCTAGGG"
"309","OXEC-129",129,"8.2","FALSE",-0.381930474096133,"GGCTCCTAGGG"
"310","OXEC-315",315,">32.2","TRUE",0.412868160466798,"AGCTCCTAGGG"
"311","OXEC-236",236,"16.2","FALSE",-0.487177781869307,"GGCTCCTAGGG"
"312","OXEC-127",127,">32.2","FALSE",1.24903987463711,"GGCTCCTAGGG"
"313","OXEC-128",128,"8.2","FALSE",-0.244020208738182,"GGC-CCTAGGG"
"314","OXEC-224",224,"8.2","FALSE",-0.302087688888898,"GGCTCCTAAGG"
"315","OXEC-316",316,"8.2","FALSE",-0.503509260661696,"GGCTCCTAGGG"
"316","OXEC-225",225,"8.2","FALSE",-0.300273080134188,"AGCTCCTAGGG"
"317","OXEC-430",430,"8.2","FALSE",-0.450885606775109,"GATTCCTAGGG"
"318","OXEC-294",294,"8.2","FALSE",-0.327492211454837,"AGCTTCTAGGG"
"319","OXEC-126",126,"8.2","FALSE",-0.164177423530946,"GGCTCCTAGGG"
"320","OXEC-125",125,"16.2","FALSE",-0.314789950171867,"GGCTCCTAGGG"
"321","OXEC-115",115,"8.2","FALSE",-0.481733955605177,"AGCTCCTAGGG"
"322","OXEC-433",433,"32.2","FALSE",-0.0462278544748037,"GATTCCTAGGG"
"323","OXEC-434",434,"4.2","FALSE",-0.416408040435621,"GGCTCCTAGGG"
"324","OXEC-435",435,"8.2","FALSE",-0.423666475454461,"GGCTCCTAGGG"
"325","OXEC-436",436,"32.2","FALSE",1.01168904952106,"GGCTCCTAGGG"
"326","OXEC-544",544,"16.2","FALSE",-0.289385427605929,"AGCTTCTAGGG"
"327","OXEC-295",295,"8.2","FALSE",-0.576093610850091,"AGCTTCTAGGG"
"328","OXEC-373",373,"4.2","FALSE",-0.576093610850091,"GGCTCCTAGGG"
"329","OXEC-502",502,"8.2","FALSE",-0.459958650548659,"AGCTTCTAGGG"
"330","OXEC-503",503,"8.2","FALSE",-0.467217085567498,"AGCTTCTAGGG"
"331","OXEC-227",227,">32.2","FALSE",-0.303902297643608,"AGCTCCTAGGG"
"332","OXEC-124",124,"8.2","FALSE",-0.358340560284905,"AGCTTCTAGGG"
"333","OXEC-438",438,"8.2","FALSE",-0.44181256300156,"GGCTCCTAGGG"
"334","OXEC-440",440,">32.2","FALSE",-0.336565255228386,"AGCTTCTAGGG"
"335","OXEC-439",439,">32.2","FALSE",0.567109904617139,"GGCTCTGTGAG"
"336","OXEC-123",123,"8.2","FALSE",-0.43999795424685,"AGCTTCTAGGG"
"337","OXEC-122",122,"16.2","TRUE",0.668727994880893,"AGCTTCTAGGG"
"338","OXEC-375",375,"16.2","FALSE",-0.407334996662072,"GGCTCCTAGAG"
"339","OXEC-229",229,"32.2","FALSE",-0.470846303076918,"GGCTCCTAGGG"
"340","OXEC-442",442,">32.2","FALSE",-0.576093610850091,"GGCTCCTAGGG"
"341","OXEC-230",230,"8.2","FALSE",-0.420037257945041,"GGCTCCTAGGG"
"342","OXEC-233",233,">32.2","FALSE",-0.576093610850091,"GGCTCCTAGGG"
"343","OXEC-443",443,">32.2","TRUE",0.483637901900484,"AGCTTCTAGGG"
"344","OXEC-444",444,"16.2","FALSE",-0.367413604058454,"GGCTCCTAGGG"
"345","OXEC-445",445,"8.2","FALSE",-0.342009081492516,"GGCTCCTAGGG"
"346","OXEC-446",446,"8.2","FALSE",-0.420037257945041,"GATTCCTAGGG"
"347","OXEC-159",159,"16.2","FALSE",-0.387374300360263,"AGCTCCTAGGG"
"348","OXEC-155",155,"8.2","FALSE",-0.414593431680911,"GGCTCCTAGGG"
"349","OXEC-267",267,"8.2","FALSE",-0.463587868058078,"GGCTCCTAGGG"
"350","OXEC-18",18,"8.2","FALSE",-0.478104738095757,"AGCTTCTAGGG"
"351","OXEC-90",90,"16.2","FALSE",-0.421851866699751,"GGCTCCTAGGG"
"352","OXEC-83",83,">32.2","FALSE",-0.576093610850091,"GGCTCCTAGGG"
"353","OXEC-82",82,"16.2","TRUE",0.196929718656321,"GATTCCTAGGG"
"354","OXEC-394",394,"16.2","FALSE",-0.380115865341423,"GGC-CCTAGGG"
"355","OXEC-60",60,">32.2","FALSE",-0.425481084209171,"AGCTCCTAGGG"
"356","OXEC-88",88,"32.2","FALSE",-0.576093610850091,"GGCTCCTAGGG"
"357","OXEC-72",72,">32.2","FALSE",0.0463171920154006,"GGCTCCTAGGG"
"358","OXEC-65",65,"16.2","FALSE",-0.381930474096133,"AGCTTCTAGGG"
"359","OXEC-57",57,">32.2","FALSE",-0.318419167681287,"GGCTCCTAGGG"
"360","OXEC-179",179,">32.2","TRUE",1.24903987463711,"GGCTCCTAGGG"
"361","OXEC-447",447,">32.2","FALSE",-0.459958650548659,"GGCTCTGTGAG"
"362","OXEC-219",219,"8.2","FALSE",-0.488992390624017,"AGCTTCTAGGG"
"363","OXEC-222",222,"8.2","FALSE",-0.171435858549786,"AGCTTCTAGGG"
"364","OXEC-89",89,"8.2","FALSE",-0.256722470021151,"AGCTCCTAGGG"
"365","OXEC-76",76,"8.2","FALSE",-0.42729569296388,"GATTCCTAGGG"
"366","OXEC-69",69,">32.2","FALSE",-0.463587868058078,"GGCTCCTAGGG"
"367","OXEC-121",121,"16.2","FALSE",-0.576093610850091,"AGCTCCTAGGG"
"368","OXEC-40",40,"8.2","FALSE",-0.43636873673743,"GGCTCCTAGGG"
"369","OXEC-472",472,"8.2","FALSE",-0.576093610850091,"GGCTCCTAGGG"
"370","OXEC-302",302,"4.2","FALSE",-0.576093610850091,"GGCTCCTAGGG"
"371","OXEC-63",63,">32.2","TRUE",1.24903987463711,"AGCTTCTAGGG"
"372","OXEC-58",58,"32.2","FALSE",1.24903987463711,"GATTCCTAGGG"
"373","OXEC-38",38,">32.2","FALSE",-0.576093610850091,"GGCTCCTAGGG"
"374","OXEC-25",25,"32.2","FALSE",-0.576093610850091,"GGCTCCTAGGG"
"375","OXEC-187",187,"32.2","FALSE",-0.576093610850091,"AGCTCCTAGGG"
"376","OXEC-334",334,"8.2","FALSE",-0.407334996662072,"AGCTCCTAGGG"
"377","OXEC-33",33,"8.2","FALSE",-0.407334996662072,"GGCTCCTAGGG"
